238,60
 write_official_output_file  Version 1.38  2020-07-31  GCT,JLL
 apply_insitu_correction   Version 1.39  2020-07-31   GCT,JLL
 average_results          Version 1.37    2020-07-31   GCT,JLL
 apply_airmass_correction   Version 1.38 2020-12-16   GCT,JLL
 collate_results          Version 2.10    2020-07-31   GCT,JLL
 GFIT                     Version 5.31              2021-01-19
 GSETUP                   Version 4.70        2020-06-29   GCT
 Airmass-Dependent Correction Factors: 14 5
xco2_6220              -0.0090    0.0003  15.00   4.00
xco2_6339              -0.0051    0.0003  45.00   5.00
xlco2_4852              0.0001    0.0002 -45.00   1.00
xwco2_6073             -0.0024    0.0002 -45.00   1.00
xwco2_6500             -0.0097    0.0003  45.00   5.00
xch4_5938              -0.0097    0.0005  25.00   4.00
xch4_6002              -0.0060    0.0005  -5.00   2.00
xch4_6076              -0.0059    0.0004  15.00   3.00
xn2o_4395               0.0052    0.0005  -5.00   2.00
xn2o_4430               0.0043    0.0004  13.00   3.00
xn2o_4719              -0.0027    0.0006 -15.00   2.00
xco_4233                0.0000    0.0000  13.00   3.00
xco_4290                0.0000    0.0000  13.00   3.00
xluft_6146              0.0005    0.0002 -45.00   1.00
Airmass-Independent/In-Situ Correction Factors: 8 4
xco2                   1.0101   0.0005 "WMO CO2 X2007"
xwco2                  1.0008   0.0005 "WMO CO2 X2007"
xlco2                  1.0014   0.0007 "WMO CO2 X2007"
xch4                   1.0031   0.0014 "WMO CH4 X2004"
xn2o                   0.9821   0.0098 "NOAA 2006A"
xco                    1.0000   0.0526 "N/A"
xh2o                   0.9883   0.0157 "ARM Radiosondes (Lamont+Darwin)"
xluft                  1.0000   0.0000 "N/A"
missing:  9.8765E+35
format:(a57,1x,f13.8,23f13.5,030(1pe13.5))
--------------------------------------------------------------------------

Carbon Dioxide Dry Column-Averaged Mixing Ratios from Park Falls
Wisconsin, USA

Version: 2021-08-25

--------------------------------------------------------------------------
CONTENTS

1. Data source and contacts
2. Use of data
3. Reciprocity
4. Warnings
5. Update notes
6. Introduction
7. General Comments on data

--------------------------------------------------------------------------
1. DATA SOURCE AND CONTACTS

California Institute of Technology

Correspondence concerning these data should be directed to:
Paul Wennberg, Coleen Roehl, and Geoffrey Toon

Email: wennberg@caltech.edu, coleen@caltech.edu, geoffrey.c.toon@jpl.nasa.gov

Paul Wennberg and Coleen Roehl
California Institute of Technology
MC 131-24
1200 E. California Blvd.
Pasadena, CA 91125

Financial support for operations is provided by NASA.

--------------------------------------------------------------------------
2. USE OF DATA

These data are made freely available to the public and the scientific
community in the belief that their wide dissemination will lead to greater
understanding and new scientific insights.  The availability of these
data does not constitute publication of the data.  We expect all users
to assure that the authors receive fair credit for their work.  If the
data are obtained for potential use in a publication or presentation
the authors should be informed at the outset of the nature of this work.
If the data are essential to the work, or if an important result or
conclusion depends on the data, co-authorship may be appropriate.
This should be discussed at an early stage in the work.  Manuscripts
using the data should be sent to the authors for review before they
are submitted for publication, so we can insure that the quality and
limitations of the data are accurately represented. Please see this page
for more details: https://tccon-wiki.caltech.edu/Main/DataUseGuidelines

--------------------------------------------------------------------------
3. RECIPROCITY

Use of these data implies an agreement to reciprocate.  Individuals
making similar measurements agree to make their own data available to
the general public and to the scientific community in an equally complete
and easily accessible form.  Modelers are encouraged to make available to
the community, upon request, their own tools used in the interpretation
of this data, namely well-documented model code, transport fields, and
additional information necessary for other scientists to repeat the work
and to run modified versions.  Model availability includes collaborative
support for new users of the models.

--------------------------------------------------------------------------
4. WARNINGS

Every effort is made to produce the most accurate and precise measurements
possible.  However, we reserve the right to make corrections to the data.
We are not responsible for results and conclusions based on use of these
data without regard to this warning.

--------------------------------------------------------------------------
5. UPDATE NOTES

None.

--------------------------------------------------------------------------
6. INTRODUCTION

Column-average Dry Mole Fractions (DMF) reported in this file were
acquired using a Fourier Transform Spectrometer (FTS) located at the
Wisconsin Tall Tower (WLEF) site (45.945 deg N, 90.273 deg W, 442 m above
sea level).  Direct solar spectra were acquired in the near-infrared
spectral region.  These spectra were used to retrieve column abundances
of CO2, CH4, CO, H2O, HDO, O2, and other atmospheric gases.

More information about the TCCON network can be found on the TCCON wiki:

   https://tccon-wiki.caltech.edu

about the Park Fall FTS container specifically can be found at:

   https://tccon-wiki.caltech.edu/Main/ParkFalls

(For a username and password to the tccon-wiki, please email coleen@caltech.edu.)

See also, TCCON papers:

Washenfelder, R.A., G.C. Toon, J-F. Blavier, Z. Yang, N.T. Allen
P.O. Wennberg, S.A. Vay, D.M. Matross, and B.C. Daube, 2006.  Carbon
dioxide column abundances at the Wisconsin Tall Tower site, Journal of
Geophysical Research, 2006, 111, doi:10.1029/2006JD007154.

Wunch, D., Toon, G.C., Blavier, J.-F.L., Washenfelder, R.A., Notholt, J.
Connor, B.J., Griffith, D.W.T., Sherlock, V., and Sherlock, V.
The Total Carbon Column Observing Network, Phil. Trans. R. Soc. A
May 28, 2011 369 (1943) 2087-2112; doi:10.1098/rsta.2010.0240

Wunch, D., Toon, G. C., Wennberg, P. O., Wofsy, S. C., Stephens, B. B.
Fischer, M. L., Uchino, O., Abshire, J. B., Bernath, P., Biraud, S. C.
Blavier, J.-F. L., Boone, C., Bowman, K. P., Browell, E. V., Campos, T.
Connor, B. J., Daube, B. C., Deutscher, N. M., Diao, M., Elkins, J. W.
Gerbig, C., Gottlieb, E., Griffith, D. W. T., Hurst, D. F., Jiménez, R.
Keppel-Aleks, G., Kort, E. A., Macatangay, R., Machida, T., Matsueda, H.
Moore, F., Morino, I., Park, S., Robinson, J., Roehl, C. M., Sawa, Y.
Sherlock, V., Sweeney, C., Tanaka, T., and Zondlo, M. A.: Calibration of
the Total Carbon Column Observing Network using aircraft profile data
Atmos. Meas. Tech., 3, 1351-1362, doi:10.5194/amt-3-1351-2010, 2010.

--------------------------------------------------------------------------
7. General Comments on data

Due to an error in the surface pressure reading between Oct. 16, 2016 and
April 15, 2017, surface pressure values were obtained from the NOAA/ESRL/GML
group also operating at WLEF (jonathan.kofler@noaa.gov and
philip.handley@noaa.gov) and were substituted for the erroneous values.

--------------------------------------------------------------------------
1            !  0/1 whether to skip/write the out-of-range data records
1            !  0/1 whether to skip/write the spectrum names (if present in .aia file)
The table below lists the acceptable range of parameters in the .vav.ada.aia files
In the event that the data fall out of range, the error flag points
to the #-value of the variable that was furthest out of range.
 # Variable  Output  Scale  Format   Unit     Vmin     Vmax     Description
  1 "year"        1  1.0E+00 "f7.0" "      "   2004.0   2024     Year (e.g. (2009)
  2 "day"         1  1.0E+00 "f6.0" "      "   0        367      Day of the year (1-366)
  3 "hour"        1  1.0E+00 "f8.3" "      "  -12.0     36.0     Fractional UT Hour
  4 "run"         0  1.0E+00 "f6.0" "      "   0        999999   Not output
  5 "lat"         1  1.0E+00 "f8.2" "(deg) "   45.8     46.0     Latitude (deg.)
  6 "long"        1  1.0E+00 "f9.2" "(deg) "  -91      -90       Longitude (deg.)
  7 "zobs"        1  1.0E+00 "f8.3" "(km)  "   0.441    0.443    Geometric Altitude (km)
  8 "zmin"        1  1.0E+00 "f9.5" "(km)  "   0.391    0.493    Pressure Altitude (km)
  9 "solzen"      1  1.0E+00 "f7.2" "(deg) "   0.0      82.0     Solar Zenith Angle (deg)
 10 "azim"        1  1.0E+00 "f8.2" "(deg) "  -180      360      Solar Azimuth Angle (deg)
 11 "osds"        1  1.0E+00 "f7.3" "(ppm) "  -9        9        Observer-Sun Doppler Stretch (ppm)
 12 "opd"         1  1.0E+00 "f7.2" "(cm)  "   40.0     50.0     Optical path Difference (cm)
 13 "fovi"        1  1.0E+00 "f7.4" "(rad) "   0.0      0.005    Internal Field Of View (rad)
 14 "amal"        0  1.0E+00 "f6.3" "(rad) "   0.0      0.004    Angular Mis-Alignment (rad)
 15 "graw"        1  1.0E+00 "f7.4" "(cm-1)"   0.0      0.016    Spectral Point Spacing (cm-1)
 16 "tins"        1  1.0E+00 "f6.1" "(C)   "   25.0     35.0     Internal Temperature (C)
 17 "pins"        1  1.0E+00 "f7.1" "(mbar)"   0.0      1030.0   Internal Pressure (hPa)
 18 "tout"        1  1.0E+00 "f6.1" "(C)   "  -35.      40.      External Temperature (C)
 19 "pout"        1  1.0E+00 "f9.3" "(hPa) "   940.     1030.    External  pressure (hPa)
 20 "hout"        1  1.0E+00 "f6.1" "(%RH) "   0        110.     External Humidity (%)
 21 "sia"         1  1.0E+00 "f7.1" "(AU)  "   0.0      9999.    Solar Intensity (Average)
 22 "fvsi"        1  1.0E+02 "f7.3" "(%)   "   0.0      5.       Fractional Variation in Solar Intensity
 23 "wspd"        1  1.0E+00 "f6.1" "(m/s) "   0.0      30.0     Wind Speed (m/s)
 24 "wdir"        1  1.0E+00 "f6.0" "(deg) "  -180      360.0    Wind Direction (deg.)
 25 "xluft"       1  1.0E+00 "f8.4" "      "   0.96     1.04     o2_global_mean_dmf*column_air/column_O2
 26 "xluft_error" 1  0.3E+00 "f7.4" "      "   0.0      0.05     one-sigma precision
 27 "xhf"         1  1.0E+12 "f7.1" "(ppt) "  -1        500      o2_global_mean_dmf*column_hf/column_o2
 28 "xhf_error"   1  0.7E+12 "f7.1" "(ppt) "   0        500      one-sigma precision
 29 "xh2o"        1  1.0E+06 "f9.2" "(ppm) "  -1.       15000    o2_global_mean_dmf*column_h2o/column_o2
 30 "xh2o_error"  1  0.9E+06 "f8.2" "(ppm) "   0        5000     one-sigma precision
 31 "xhdo"        1  1.0E+06 "f9.2" "(ppm) "  -1.       15000    o2_global_mean_dmf*column_hdo/column_o2
 32 "xhdo_error"  1  0.6E+06 "f8.2" "(ppm) "   0        5000     one-sigma precision
 33 "xth2o"       1  1.0E+06 "f9.2" "(ppm) "  -1.       15000    o2_global_mean_dmf*column_th2o/column_o2
 34 "xth2o_error" 1  0.9E+06 "f8.2" "(ppm) "   0        5000     one-sigma precision
 35 "xco"         1  1.0E+09 "f7.1" "(ppb) "  -1.       500.     o2_global_mean_dmf*column_co/column_o2
 36 "xco_error"   1  0.4E+09 "f7.1" "(ppb) "   0        20.      one-sigma precision
 37 "xn2o"        1  1.0E+09 "f8.2" "(ppb) "   100      400      o2_global_mean_dmf*column_n2o/column_o2
 38 "xn2o_error"  1  0.3E+09 "f7.2" "(ppb) "   0        50       one-sigma precision
 39 "xch4"        1  1.0E+06 "f9.5" "(ppm) "   0        2        o2_global_mean_dmf*column_ch4/column_o2
 40 "xch4_error"  1  1.2E+05 "f9.5" "(ppm) "   0        0.1      one-sigma precision
 41 "xco2"        1  1.0E+06 "f9.2" "(ppm) "   350      450      o2_global_mean_dmf*column_co2/column_o2
 42 "xco2_error"  1  1.3E+05 "f8.2" "(ppm) "   0        10       one-sigma precision
 43 "xwco2"       1  1.0E+06 "f9.2" "(ppm) "   350      450      o2_global_mean_dmf*column_wco2/column_o2
 44 "xwco2_error" 1  1.3E+05 "f8.2" "(ppm) "   0        20       one-sigma precision
 45 "xlco2"       1  1.0E+06 "f9.2" "(ppm) "   350      450      o2_global_mean_dmf*column_lco2/column_o2
 46 "xlco2_error" 1  1.3E+05 "f8.2" "(ppm) "   0        20       one-sigma precision
 47 "xfco2"       1  1.0E+06 "f9.2" "(ppm) "   0        950      o2_global_mean_dmf*column_fco2/column_o2
 48 "xfco2_error" 1  1.3E+05 "f8.2" "(ppm) "   0        500      one-sigma precision
 49 "xzco2"       1  1.0E+06 "f9.2" "(ppm) "   0        950      o2_global_mean_dmf*column_zco2/column_o2
 50 "xzco2_error" 1  1.3E+05 "f8.2" "(ppm) "   0        500      one-sigma precision
 51 "xo2"         1  1.0E+00 "f7.4" "      "   0.20     0.22     o2_global_mean_dmf*column_o2/column_o2=o2_global_mean_dmf
 52 "xo2_error"   1  0.3E+00 "f7.4" "      "   0        0.05     one-sigma precision
 53 "xhcl"        1  1.0E+09 "f7.1" "(ppb) "   0        5        o2_global_mean_dmf*column_hcl/column_o2
 54 "xhcl_error"  1  0.6E+09 "f7.4" "(ppb) "   0        50       one-sigma precision
 55 "xao2"        1  1.0E+00 "f7.4" "      "   0.19     0.23     o2_global_mean_dmf*column_ao2/column_o2=o2_global_mean_dmf
 56 "xao2_error"  1  1.3E-01 "f7.4" "      "   0        0.05     one-sigma precision
 57 "xbo2"        1  1.0E+00 "f7.4" "      "   0.19     0.23     o2_global_mean_dmf*column_bo2/column_o2=o2_global_mean_dmf
 58 "xbo2_error"  1  0.1E+00 "f7.4" "      "   0        0.05     one-sigma precision
 59 "xvfco2"      1  1.0E+06 "f9.2" "(ppm) "   0        950      o2_global_mean_dmf*column_vfco2/column_o2
 60"xvfco2_error" 1  1.3E+05 "f8.2" "(ppm) "   0        1e9      one-sigma precision
 61 "qcflag"      0  1.0E+00 "f7.1" "      "   2.00     2.00     qcflag
------------------------------------------------------------------------------------------------------------------------
Latitude  Longitude  Altitude  SiteID
   45.945  -90.273    0.442    pa
------------------------------------------------------------------------------------------------------------------------
 flag,spectrum,year,day,hour,lat(deg),long(deg),zobs(km),zmin(km),solzen(deg),azim(deg),osds(ppm),opd(cm),fovi(rad),graw(cm-1),tins(C),pins(mbar),tout(C),pout(hPa),hout(%RH),sia(AU),fvsi(%),wspd(m/s),wdir(deg),xluft,xluft_error,xhf(ppt),xhf(ppt)_error,xh2o(ppm),xh2o(ppm)_error,xth2o(ppm),xth2o(ppm)_error,xhdo(ppm),xhdo(ppm)_error,xco(ppb),xco(ppb)_error,xn2o(ppb),xn2o(ppb)_error,xch4(ppm),xch4(ppm)_error,xlco2(ppm),xlco2(ppm)_error,xzco2(ppm),xzco2(ppm)_error,xfco2(ppm),xfco2(ppm)_error,xwco2(ppm),xwco2(ppm)_error,xco2(ppm),xco2(ppm)_error,xo2,xo2_error,xhcl(ppb),xhcl(ppb)_error
0,pa20040721saaaaa.043,2004.,203.,20.596,45.94,-90.27,0.442,0.46083,39.68,242.28,0.138,45.02,0.0024,0.0075,30.3,0.9,29.1,950.700,62.8,207.5,0.720,1.7,125.,0.9948,0.0024,65.7,6.3,6401.62,46.46,6293.49,47.20,5387.47,28.99,89.6,0.8,304.34,0.87,1.73056,0.00187,372.19,0.57,372.46,0.48,373.49,0.60,372.86,0.56,373.04,0.45,0.2095,0.0005,0.2,0.0009
0,pa20040721saaaaa.119,2004.,203.,22.980,45.94,-90.27,0.442,0.46742,63.80,272.66,0.490,45.02,0.0024,0.0075,30.3,0.9,29.4,950.600,61.2,189.0,0.530,1.8,139.,0.9984,0.0025,70.1,14.7,5430.76,40.55,5323.51,40.76,4670.98,25.44,93.5,0.7,305.57,0.91,1.75092,0.00198,370.30,0.62,370.98,0.52,372.19,0.56,372.33,0.58,371.45,0.46,0.2095,0.0005,0.2,0.0009
9,pa20041222saaaaa.019,2004.,357.,14.668,45.94,-90.27,0.442,0.47177,82.85,134.93,-1.095,44.97,0.0024,0.0075,28.4,0.6,-23.1,965.100,80.0,177.4,0.680,0.0,0.,0.9974,0.0017,75.5,0.7,322.89,2.28,323.69,2.26,197.65,1.35,96.0,0.1,302.55,0.19,1.75486,0.00119,378.13,0.37,378.23,0.31,381.89,0.41,380.44,0.31,378.24,0.24,0.2095,0.0001,0.3,0.0002
9,pa20041222saaaaa.020,2004.,357.,14.722,45.94,-90.27,0.442,0.47026,82.45,135.56,-1.086,44.97,0.0024,0.0075,28.4,0.6,-23.0,965.300,80.0,179.0,1.060,0.0,0.,0.9956,0.0017,76.6,0.7,319.76,2.26,320.91,2.24,195.62,1.34,95.9,0.1,302.43,0.19,1.75424,0.00118,377.92,0.36,378.05,0.30,382.28,0.40,380.62,0.31,378.34,0.24,0.2095,0.0001,0.3,0.0002
